"ID","Tier","Element","Role","Model recipe","Portrait mapping","Basic action","Active action","Ultimate action","Passive","Animation","Voice","VFX","Verification"
"cindermite","E","Flame","striker","insect; variant 0; Ember-bellied beetle with chimney-like antennae","model-render:cindermite","cindermite-0","cindermite-1","cindermite-2","cindermite-passive","insect:idle/walk/attack/cast/ultimate/hit/defeat/entrance/victory/guard/stunned","insect:0:call/attack/hurt","flame-0;flame-1;flame-2","definitions tested; model renders audited; individual art polish pending"
"puddlepip","E","Tide","healer","amphibian; variant 1; Round blue amphibian carrying a floating water bubble","model-render:puddlepip","puddlepip-0","puddlepip-1","puddlepip-2","puddlepip-passive","amphibian:idle/walk/attack/cast/ultimate/hit/defeat/entrance/victory/guard/stunned","amphibian:1:call/attack/hurt","tide-0;tide-1;tide-2","definitions tested; model renders audited; individual art polish pending"
"mossprig","E","Grove","support","quadruped; variant 2; Leaf-eared rabbit with a sprout tail","model-render:mossprig","mossprig-0","mossprig-1","mossprig-2","mossprig-passive","quadruped:idle/walk/attack/cast/ultimate/hit/defeat/entrance/victory/guard/stunned","quadruped:2:call/attack/hurt","grove-0;grove-1;grove-2","definitions tested; model renders audited; individual art polish pending"
"pebblit","E","Stone","tank","shell; variant 3; Short stone-backed tortoise with mineral eyebrows","model-render:pebblit","pebblit-0","pebblit-1","pebblit-2","pebblit-passive","shell:idle/walk/attack/cast/ultimate/hit/defeat/entrance/victory/guard/stunned","shell:3:call/attack/hurt","stone-0;stone-1;stone-2","definitions tested; model renders audited; individual art polish pending"
"zippinch","E","Storm","striker","bird; variant 4; Tiny finch with forked lightning feathers","model-render:zippinch","zippinch-0","zippinch-1","zippinch-2","zippinch-passive","bird:idle/walk/attack/cast/ultimate/hit/defeat/entrance/victory/guard/stunned","bird:4:call/attack/hurt","storm-0;storm-1;storm-2","definitions tested; model renders audited; individual art polish pending"
"snowmew","E","Frost","controller","fox; variant 0; Snow-white kitten with oversized crystalline paws","model-render:snowmew","snowmew-0","snowmew-1","snowmew-2","snowmew-passive","fox:idle/walk/attack/cast/ultimate/hit/defeat/entrance/victory/guard/stunned","fox:5:call/attack/hurt","frost-0;frost-1;frost-2","definitions tested; model renders audited; individual art polish pending"
"glimlet","E","Light","support","insect; variant 1; Golden moth with translucent lantern wings","model-render:glimlet","glimlet-0","glimlet-1","glimlet-2","glimlet-passive","insect:idle/walk/attack/cast/ultimate/hit/defeat/entrance/victory/guard/stunned","insect:6:call/attack/hurt","light-0;light-1;light-2","definitions tested; model renders audited; individual art polish pending"
"duskblob","E","Shadow","controller","spirit; variant 2; Inky floating spirit with folded ear-like fins","model-render:duskblob","duskblob-0","duskblob-1","duskblob-2","duskblob-passive","spirit:idle/walk/attack/cast/ultimate/hit/defeat/entrance/victory/guard/stunned","spirit:7:call/attack/hurt","shadow-0;shadow-1;shadow-2","definitions tested; model renders audited; individual art polish pending"
"wickwaddle","E","Flame","support","bird; variant 3; Tiny penguin-like bird with a waxy crest and ember freckles","model-render:wickwaddle","wickwaddle-0","wickwaddle-1","wickwaddle-2","wickwaddle-passive","bird:idle/walk/attack/cast/ultimate/hit/defeat/entrance/victory/guard/stunned","bird:8:call/attack/hurt","flame-0;flame-1;flame-2","definitions tested; model renders audited; individual art polish pending"
"bubbloom","E","Tide","controller","aquatic; variant 4; Transparent jellyfish with flower-shaped fins and a visible pearl heart","model-render:bubbloom","bubbloom-0","bubbloom-1","bubbloom-2","bubbloom-passive","aquatic:idle/walk/attack/cast/ultimate/hit/defeat/entrance/victory/guard/stunned","aquatic:9:call/attack/hurt","tide-0;tide-1;tide-2","definitions tested; model renders audited; individual art polish pending"
"emberfox","D","Flame","striker","fox; variant 0; Russet fox with a candle-shaped tail","model-render:emberfox","emberfox-0","emberfox-1","emberfox-2","emberfox-passive","fox:idle/walk/attack/cast/ultimate/hit/defeat/entrance/victory/guard/stunned","fox:10:call/attack/hurt","flame-0;flame-1;flame-2","definitions tested; model renders audited; individual art polish pending"
"ripplefin","D","Tide","healer","aquatic; variant 1; Hovering otter with a broad fin-shaped tail","model-render:ripplefin","ripplefin-0","ripplefin-1","ripplefin-2","ripplefin-passive","aquatic:idle/walk/attack/cast/ultimate/hit/defeat/entrance/victory/guard/stunned","aquatic:11:call/attack/hurt","tide-0;tide-1;tide-2","definitions tested; model renders audited; individual art polish pending"
"thornhare","D","Grove","controller","antler; variant 2; Long-legged hare with curling bramble antlers","model-render:thornhare","thornhare-0","thornhare-1","thornhare-2","thornhare-passive","antler:idle/walk/attack/cast/ultimate/hit/defeat/entrance/victory/guard/stunned","antler:12:call/attack/hurt","grove-0;grove-1;grove-2","definitions tested; model renders audited; individual art polish pending"
"cragpup","D","Stone","tank","fox; variant 3; Stout puppy with layered slate armor","model-render:cragpup","cragpup-0","cragpup-1","cragpup-2","cragpup-passive","fox:idle/walk/attack/cast/ultimate/hit/defeat/entrance/victory/guard/stunned","fox:13:call/attack/hurt","stone-0;stone-1;stone-2","definitions tested; model renders audited; individual art polish pending"
"voltwing","D","Storm","striker","bird; variant 4; Bat with bright zigzag wing membranes","model-render:voltwing","voltwing-0","voltwing-1","voltwing-2","voltwing-passive","bird:idle/walk/attack/cast/ultimate/hit/defeat/entrance/victory/guard/stunned","bird:14:call/attack/hurt","storm-0;storm-1;storm-2","definitions tested; model renders audited; individual art polish pending"
"frostwhisk","D","Frost","support","quadruped; variant 0; Pale ferret with a fan-shaped frost tail","model-render:frostwhisk","frostwhisk-0","frostwhisk-1","frostwhisk-2","frostwhisk-passive","quadruped:idle/walk/attack/cast/ultimate/hit/defeat/entrance/victory/guard/stunned","quadruped:15:call/attack/hurt","frost-0;frost-1;frost-2","definitions tested; model renders audited; individual art polish pending"
"dawnfawn","D","Light","healer","antler; variant 1; Small deer with a glowing floral forehead crest","model-render:dawnfawn","dawnfawn-0","dawnfawn-1","dawnfawn-2","dawnfawn-passive","antler:idle/walk/attack/cast/ultimate/hit/defeat/entrance/victory/guard/stunned","antler:16:call/attack/hurt","light-0;light-1;light-2","definitions tested; model renders audited; individual art polish pending"
"shadecko","D","Shadow","controller","amphibian; variant 2; Violet gecko with a crescent sail on its back","model-render:shadecko","shadecko-0","shadecko-1","shadecko-2","shadecko-passive","amphibian:idle/walk/attack/cast/ultimate/hit/defeat/entrance/victory/guard/stunned","amphibian:17:call/attack/hurt","shadow-0;shadow-1;shadow-2","definitions tested; model renders audited; individual art polish pending"
"fernibble","D","Grove","healer","quadruped; variant 3; Chubby squirrel with fern-frond ears and a seed-pod backpack","model-render:fernibble","fernibble-0","fernibble-1","fernibble-2","fernibble-passive","quadruped:idle/walk/attack/cast/ultimate/hit/defeat/entrance/victory/guard/stunned","quadruped:18:call/attack/hurt","grove-0;grove-1;grove-2","definitions tested; model renders audited; individual art polish pending"
"flintuff","D","Stone","striker","quadruped; variant 4; Porcupine with uneven flint quills and copper-colored paws","model-render:flintuff","flintuff-0","flintuff-1","flintuff-2","flintuff-passive","quadruped:idle/walk/attack/cast/ultimate/hit/defeat/entrance/victory/guard/stunned","quadruped:19:call/attack/hurt","stone-0;stone-1;stone-2","definitions tested; model renders audited; individual art polish pending"
"magmole","C","Flame","tank","quadruped; variant 0; Heavy digging mole with molten foreclaws","model-render:magmole","magmole-0","magmole-1","magmole-2","magmole-passive","quadruped:idle/walk/attack/cast/ultimate/hit/defeat/entrance/victory/guard/stunned","quadruped:20:call/attack/hurt","flame-0;flame-1;flame-2","definitions tested; model renders audited; individual art polish pending"
"coralisk","C","Tide","controller","serpent; variant 1; Coiled sea serpent crowned with coral branches","model-render:coralisk","coralisk-0","coralisk-1","coralisk-2","coralisk-passive","serpent:idle/walk/attack/cast/ultimate/hit/defeat/entrance/victory/guard/stunned","serpent:21:call/attack/hurt","tide-0;tide-1;tide-2","definitions tested; model renders audited; individual art polish pending"
"floraclaw","C","Grove","healer","quadruped; variant 2; Leaf-maned lynx with petal-tipped claws","model-render:floraclaw","floraclaw-0","floraclaw-1","floraclaw-2","floraclaw-passive","quadruped:idle/walk/attack/cast/ultimate/hit/defeat/entrance/victory/guard/stunned","quadruped:22:call/attack/hurt","grove-0;grove-1;grove-2","definitions tested; model renders audited; individual art polish pending"
"basalhorn","C","Stone","tank","antler; variant 3; Ram with flat basalt horns and crystal hooves","model-render:basalhorn","basalhorn-0","basalhorn-1","basalhorn-2","basalhorn-passive","antler:idle/walk/attack/cast/ultimate/hit/defeat/entrance/victory/guard/stunned","antler:23:call/attack/hurt","stone-0;stone-1;stone-2","definitions tested; model renders audited; individual art polish pending"
"nimbuskit","C","Storm","support","fox; variant 4; Cloud-maned cat with a floating ring tail","model-render:nimbuskit","nimbuskit-0","nimbuskit-1","nimbuskit-2","nimbuskit-passive","fox:idle/walk/attack/cast/ultimate/hit/defeat/entrance/victory/guard/stunned","fox:24:call/attack/hurt","storm-0;storm-1;storm-2","definitions tested; model renders audited; individual art polish pending"
"rimeowl","C","Frost","controller","bird; variant 0; Broad-winged owl with an icicle facial disc","model-render:rimeowl","rimeowl-0","rimeowl-1","rimeowl-2","rimeowl-passive","bird:idle/walk/attack/cast/ultimate/hit/defeat/entrance/victory/guard/stunned","bird:25:call/attack/hurt","frost-0;frost-1;frost-2","definitions tested; model renders audited; individual art polish pending"
"prismoth","C","Light","support","insect; variant 1; Large moth with faceted rainbow wings","model-render:prismoth","prismoth-0","prismoth-1","prismoth-2","prismoth-passive","insect:idle/walk/attack/cast/ultimate/hit/defeat/entrance/victory/guard/stunned","insect:26:call/attack/hurt","light-0;light-1;light-2","definitions tested; model renders audited; individual art polish pending"
"murkfang","C","Shadow","striker","fox; variant 2; Low prowling jackal with smoky tusks","model-render:murkfang","murkfang-0","murkfang-1","murkfang-2","murkfang-passive","fox:idle/walk/attack/cast/ultimate/hit/defeat/entrance/victory/guard/stunned","fox:27:call/attack/hurt","shadow-0;shadow-1;shadow-2","definitions tested; model renders audited; individual art polish pending"
"chimewing","C","Storm","support","bird; variant 3; Hummingbird with tuning-fork tail feathers and suspended bell-like throat plates","model-render:chimewing","chimewing-0","chimewing-1","chimewing-2","chimewing-passive","bird:idle/walk/attack/cast/ultimate/hit/defeat/entrance/victory/guard/stunned","bird:28:call/attack/hurt","storm-0;storm-1;storm-2","definitions tested; model renders audited; individual art polish pending"
"velvetrime","C","Frost","controller","quadruped; variant 4; Silvery chinchilla with a ruffled ice collar and snowflake-tipped tail","model-render:velvetrime","velvetrime-0","velvetrime-1","velvetrime-2","velvetrime-passive","quadruped:idle/walk/attack/cast/ultimate/hit/defeat/entrance/victory/guard/stunned","quadruped:29:call/attack/hurt","frost-0;frost-1;frost-2","definitions tested; model renders audited; individual art polish pending"
"pyroclast","B","Flame","striker","amphibian; variant 0; Thick salamander with volcanic dorsal vents","model-render:pyroclast","pyroclast-0","pyroclast-1","pyroclast-2","pyroclast-passive","amphibian:idle/walk/attack/cast/ultimate/hit/defeat/entrance/victory/guard/stunned","amphibian:30:call/attack/hurt","flame-0;flame-1;flame-2","definitions tested; model renders audited; individual art polish pending"
"abysshell","B","Tide","tank","shell; variant 1; Armored crab with a luminous pearl core","model-render:abysshell","abysshell-0","abysshell-1","abysshell-2","abysshell-passive","shell:idle/walk/attack/cast/ultimate/hit/defeat/entrance/victory/guard/stunned","shell:31:call/attack/hurt","tide-0;tide-1;tide-2","definitions tested; model renders audited; individual art polish pending"
"briarhart","B","Grove","support","antler; variant 2; Stag with flowering antlers and bark legs","model-render:briarhart","briarhart-0","briarhart-1","briarhart-2","briarhart-passive","antler:idle/walk/attack/cast/ultimate/hit/defeat/entrance/victory/guard/stunned","antler:32:call/attack/hurt","grove-0;grove-1;grove-2","definitions tested; model renders audited; individual art polish pending"
"obsidrake","B","Stone","striker","dragon; variant 3; Wingless drake with obsidian blade plates","model-render:obsidrake","obsidrake-0","obsidrake-1","obsidrake-2","obsidrake-passive","dragon:idle/walk/attack/cast/ultimate/hit/defeat/entrance/victory/guard/stunned","dragon:33:call/attack/hurt","stone-0;stone-1;stone-2","definitions tested; model renders audited; individual art polish pending"
"tempestrix","B","Storm","striker","bird; variant 4; Long-winged raptor with ribbon lightning plumes","model-render:tempestrix","tempestrix-0","tempestrix-1","tempestrix-2","tempestrix-passive","bird:idle/walk/attack/cast/ultimate/hit/defeat/entrance/victory/guard/stunned","bird:34:call/attack/hurt","storm-0;storm-1;storm-2","definitions tested; model renders audited; individual art polish pending"
"glaciermaw","B","Frost","tank","quadruped; variant 0; Ice-plated crocodile with a broad frozen jaw","model-render:glaciermaw","glaciermaw-0","glaciermaw-1","glaciermaw-2","glaciermaw-passive","quadruped:idle/walk/attack/cast/ultimate/hit/defeat/entrance/victory/guard/stunned","quadruped:35:call/attack/hurt","frost-0;frost-1;frost-2","definitions tested; model renders audited; individual art polish pending"
"solmane","B","Light","healer","quadruped; variant 1; Lion with a sun-disc mane and luminous paw pads","model-render:solmane","solmane-0","solmane-1","solmane-2","solmane-passive","quadruped:idle/walk/attack/cast/ultimate/hit/defeat/entrance/victory/guard/stunned","quadruped:36:call/attack/hurt","light-0;light-1;light-2","definitions tested; model renders audited; individual art polish pending"
"nocturnyx","B","Shadow","controller","fox; variant 2; Black lynx with twin crescent ear ornaments","model-render:nocturnyx","nocturnyx-0","nocturnyx-1","nocturnyx-2","nocturnyx-passive","fox:idle/walk/attack/cast/ultimate/hit/defeat/entrance/victory/guard/stunned","fox:37:call/attack/hurt","shadow-0;shadow-1;shadow-2","definitions tested; model renders audited; individual art polish pending"
"halovelle","B","Light","support","antler; variant 3; Graceful gazelle with spiral glass horns and a floating pearl chest crest","model-render:halovelle","halovelle-0","halovelle-1","halovelle-2","halovelle-passive","antler:idle/walk/attack/cast/ultimate/hit/defeat/entrance/victory/guard/stunned","antler:38:call/attack/hurt","light-0;light-1;light-2","definitions tested; model renders audited; individual art polish pending"
"inkmantle","B","Shadow","controller","aquatic; variant 4; Broad-winged cuttlefish hovering inside a folded ink cloak","model-render:inkmantle","inkmantle-0","inkmantle-1","inkmantle-2","inkmantle-passive","aquatic:idle/walk/attack/cast/ultimate/hit/defeat/entrance/victory/guard/stunned","aquatic:39:call/attack/hurt","shadow-0;shadow-1;shadow-2","definitions tested; model renders audited; individual art polish pending"
"ignivara","A","Flame","striker","bird; variant 0; Four-winged phoenix with molten gold feathers","model-render:ignivara","ignivara-0","ignivara-1","ignivara-2","ignivara-passive","bird:idle/walk/attack/cast/ultimate/hit/defeat/entrance/victory/guard/stunned","bird:40:call/attack/hurt","flame-0;flame-1;flame-2","definitions tested; model renders audited; individual art polish pending"
"leviacrest","A","Tide","controller","serpent; variant 1; Whale-like sky serpent with a crown-shaped dorsal fin","model-render:leviacrest","leviacrest-0","leviacrest-1","leviacrest-2","leviacrest-passive","serpent:idle/walk/attack/cast/ultimate/hit/defeat/entrance/victory/guard/stunned","serpent:41:call/attack/hurt","tide-0;tide-1;tide-2","definitions tested; model renders audited; individual art polish pending"
"sylvarion","A","Grove","healer","antler; variant 2; Ancient wooden stag with a miniature canopy","model-render:sylvarion","sylvarion-0","sylvarion-1","sylvarion-2","sylvarion-passive","antler:idle/walk/attack/cast/ultimate/hit/defeat/entrance/victory/guard/stunned","antler:42:call/attack/hurt","grove-0;grove-1;grove-2","definitions tested; model renders audited; individual art polish pending"
"titanusk","A","Stone","tank","quadruped; variant 3; Mammoth with stone tusks and mossy shoulder towers","model-render:titanusk","titanusk-0","titanusk-1","titanusk-2","titanusk-passive","quadruped:idle/walk/attack/cast/ultimate/hit/defeat/entrance/victory/guard/stunned","quadruped:43:call/attack/hurt","stone-0;stone-1;stone-2","definitions tested; model renders audited; individual art polish pending"
"raijora","A","Storm","striker","fox; variant 4; Sleek tiger with floating thunder rings","model-render:raijora","raijora-0","raijora-1","raijora-2","raijora-passive","fox:idle/walk/attack/cast/ultimate/hit/defeat/entrance/victory/guard/stunned","fox:44:call/attack/hurt","storm-0;storm-1;storm-2","definitions tested; model renders audited; individual art polish pending"
"crysalune","A","Frost","support","fox; variant 0; Arctic fox with a crescent ice fan instead of a tail","model-render:crysalune","crysalune-0","crysalune-1","crysalune-2","crysalune-passive","fox:idle/walk/attack/cast/ultimate/hit/defeat/entrance/victory/guard/stunned","fox:45:call/attack/hurt","frost-0;frost-1;frost-2","definitions tested; model renders audited; individual art polish pending"
"auroriel","A","Light","support","bird; variant 1; Tall crane with aurora-ribbon wings","model-render:auroriel","auroriel-0","auroriel-1","auroriel-2","auroriel-passive","bird:idle/walk/attack/cast/ultimate/hit/defeat/entrance/victory/guard/stunned","bird:46:call/attack/hurt","light-0;light-1;light-2","definitions tested; model renders audited; individual art polish pending"
"umbrawyrm","A","Shadow","striker","serpent; variant 2; Long winged serpent with fractured shadow fins","model-render:umbrawyrm","umbrawyrm-0","umbrawyrm-1","umbrawyrm-2","umbrawyrm-passive","serpent:idle/walk/attack/cast/ultimate/hit/defeat/entrance/victory/guard/stunned","serpent:47:call/attack/hurt","shadow-0;shadow-1;shadow-2","definitions tested; model renders audited; individual art polish pending"
"cindervault","A","Flame","tank","shell; variant 3; Pangolin with overlapping kiln-red plates and vented bronze claws","model-render:cindervault","cindervault-0","cindervault-1","cindervault-2","cindervault-passive","shell:idle/walk/attack/cast/ultimate/hit/defeat/entrance/victory/guard/stunned","shell:48:call/attack/hurt","flame-0;flame-1;flame-2","definitions tested; model renders audited; individual art polish pending"
"orchivyra","A","Grove","controller","insect; variant 4; Orchid mantis with petal shields and long vine-like forearms","model-render:orchivyra","orchivyra-0","orchivyra-1","orchivyra-2","orchivyra-passive","insect:idle/walk/attack/cast/ultimate/hit/defeat/entrance/victory/guard/stunned","insect:49:call/attack/hurt","grove-0;grove-1;grove-2","definitions tested; model renders audited; individual art polish pending"
"solkarath","S","Flame","striker","dragon; variant 0; Six-horned dragon with a miniature sun between its horns","model-render:solkarath","solkarath-0","solkarath-1","solkarath-2","solkarath-passive","dragon:idle/walk/attack/cast/ultimate/hit/defeat/entrance/victory/guard/stunned","dragon:50:call/attack/hurt","flame-0;flame-1;flame-solkarath","definitions tested; model renders audited; individual art polish pending"
"thaloryx","S","Tide","tank","aquatic; variant 1; Colossal manta ray with an orbiting water halo","model-render:thaloryx","thaloryx-0","thaloryx-1","thaloryx-2","thaloryx-passive","aquatic:idle/walk/attack/cast/ultimate/hit/defeat/entrance/victory/guard/stunned","aquatic:51:call/attack/hurt","tide-0;tide-1;tide-thaloryx","definitions tested; model renders audited; individual art polish pending"
"everbloom","S","Grove","healer","antler; variant 2; Long-legged kirin with a living garden on its back","model-render:everbloom","everbloom-0","everbloom-1","everbloom-2","everbloom-passive","antler:idle/walk/attack/cast/ultimate/hit/defeat/entrance/victory/guard/stunned","antler:52:call/attack/hurt","grove-0;grove-1;grove-everbloom","definitions tested; model renders audited; individual art polish pending"
"orogantis","S","Stone","tank","golem; variant 3; Towering gorilla-shaped golem with suspended stone shoulders","model-render:orogantis","orogantis-0","orogantis-1","orogantis-2","orogantis-passive","golem:idle/walk/attack/cast/ultimate/hit/defeat/entrance/victory/guard/stunned","golem:53:call/attack/hurt","stone-0;stone-1;stone-orogantis","definitions tested; model renders audited; individual art polish pending"
"zephyreon","S","Storm","striker","dragon; variant 4; Three-tailed sky dragon with turbine-like feather wings","model-render:zephyreon","zephyreon-0","zephyreon-1","zephyreon-2","zephyreon-passive","dragon:idle/walk/attack/cast/ultimate/hit/defeat/entrance/victory/guard/stunned","dragon:54:call/attack/hurt","storm-0;storm-1;storm-zephyreon","definitions tested; model renders audited; individual art polish pending"
"iskavelle","S","Frost","controller","antler; variant 0; Elegant six-legged snow deer with a floating ice crown","model-render:iskavelle","iskavelle-0","iskavelle-1","iskavelle-2","iskavelle-passive","antler:idle/walk/attack/cast/ultimate/hit/defeat/entrance/victory/guard/stunned","antler:55:call/attack/hurt","frost-0;frost-1;frost-iskavelle","definitions tested; model renders audited; individual art polish pending"
"aurelith","S","Light","support","quadruped; variant 1; Winged leonine guardian with a faceted golden halo","model-render:aurelith","aurelith-0","aurelith-1","aurelith-2","aurelith-passive","quadruped:idle/walk/attack/cast/ultimate/hit/defeat/entrance/victory/guard/stunned","quadruped:56:call/attack/hurt","light-0;light-1;light-aurelith","definitions tested; model renders audited; individual art polish pending"
"nyxavorn","S","Shadow","controller","dragon; variant 2; Raven-dragon with orbiting dark feathers and star-like eyes","model-render:nyxavorn","nyxavorn-0","nyxavorn-1","nyxavorn-2","nyxavorn-passive","dragon:idle/walk/attack/cast/ultimate/hit/defeat/entrance/victory/guard/stunned","dragon:57:call/attack/hurt","shadow-0;shadow-1;shadow-nyxavorn","definitions tested; model renders audited; individual art polish pending"
"pelagryth","S","Tide","healer","aquatic; variant 3; Regal seahorse-dragon with sail-like fins and orbiting luminous droplets","model-render:pelagryth","pelagryth-0","pelagryth-1","pelagryth-2","pelagryth-passive","aquatic:idle/walk/attack/cast/ultimate/hit/defeat/entrance/victory/guard/stunned","aquatic:58:call/attack/hurt","tide-0;tide-1;tide-pelagryth","definitions tested; model renders audited; individual art polish pending"
"vortalyx","S","Storm","controller","fox; variant 4; Winged lynx with curved storm horns and a slowly orbiting cyclone tail","model-render:vortalyx","vortalyx-0","vortalyx-1","vortalyx-2","vortalyx-passive","fox:idle/walk/attack/cast/ultimate/hit/defeat/entrance/victory/guard/stunned","fox:59:call/attack/hurt","storm-0;storm-1;storm-vortalyx","definitions tested; model renders audited; individual art polish pending"
